ea_id,latitude,longitude,round,prop_imp,SPEI,prop_female_head,mean_age_head,prop_salaried_head,prop_head_edu_1,prop_head_edu_2,prop_head_edu_3,prop_head_edu_4,prop_head_edu_5,prop_head_edu_6,prop_head_edu_7,total_plot_size,prop_coupon,prop_credit,prop_left_seeds,prop_advice,members_agri_coop,agri_coop,maize_hybrid_sellers,assistant_ag_officer,grid_id
10101215,-9.504460334777832,33.23020172119141,1,.15203695,.0646661594510078,.23076923,40.076923,.07692308,.53846157,.07692308,.15384616,.07692308,0,0,0,27.68,.125,.020833334,.54166669,.30769232,0,0,0,0,94
10101215,-9.504460334777832,33.23020172119141,2,.49613258,.1844206750392914,.23076923,43.076923,.07692308,.61538464,.07692308,.15384616,0,0,0,0,18.75,.033333335,.2,.53333336,.30769232,0,0,0,1,94
10101215,-9.504460334777832,33.23020172119141,3,.19877301,-1.300785422325134,.15384616,45.153847,.07692308,.53846157,.07692308,.07692308,.15384616,0,0,0,15.27,.0625,.15625,.65625,.46153846,0,0,0,0,94
10101215,-9.504460334777832,33.23020172119141,4,.40518197,-.3722614049911499,.07692308,46.615383,.07692308,.61538464,0,.15384616,.15384616,0,0,0,33.799999,.039999999,.14,.72000003,.30769232,0,0,0,1,94
10103414,-9.971599578857422,33.3739013671875,1,.32345679,.0631000101566315,.25,43.666668,.33333334,.25,.16666667,.25,.16666667,0,0,0,20.58,.088235296,.14705883,.52941179,.5,0,0,0,1,93
10103414,-9.971599578857422,33.3739013671875,2,.441544,-.0266605131328106,.25,46.5,.16666667,.25,.16666667,.33333334,.16666667,0,0,0,13.23,.12,.12,.51999998,.75,14,1,1,1,93
10103414,-9.971599578857422,33.3739013671875,3,.22104333,-1.034698843955994,.16666667,44.666668,.16666667,.33333334,.16666667,.33333334,.083333336,.083333336,0,0,16.5,.068965517,.20689656,.44827586,.75,15,1,0,0,93
10103414,-9.971599578857422,33.3739013671875,4,.48083624,-.5053240060806274,.16666667,43.416668,.16666667,.33333334,.083333336,.33333334,.16666667,0,.083333336,0,20.34,.055555556,.11111111,.58333331,.33333334,40,1,1,1,93
10220103,-9.975399971008301,33.92599868774414,1,.41703361,.1129750460386276,.07692308,44,.38461539,.53846157,.15384616,.30769232,0,0,0,0,20.129999,.034482758,.27586207,.55172414,.38461539,0,0,0,0,95
10220103,-9.975399971008301,33.92599868774414,2,.53061223,-.1036339178681374,.30769232,41.923077,.15384616,.76923078,.15384616,.07692308,0,0,0,0,13.31,0,.38095239,.42857143,.38461539,0,0,0,0,95
10220103,-9.975399971008301,33.92599868774414,3,.28776979,-1.094648122787476,.23076923,41.53846,.15384616,.53846157,.23076923,.15384616,.07692308,0,0,0,12.28,0,.26086956,.69565219,.61538464,0,0,0,0,95
10220103,-9.975399971008301,33.92599868774414,4,.38446602,-.0711030885577202,.23076923,43.384617,.30769232,.53846157,.23076923,.15384616,.07692308,0,0,0,13.87,.047619049,.23809524,.47619048,.23076923,0,0,0,0,95
10302010,-11.96399974822998,34.07680130004883,1,.15789473,-1.00994336605072,.33333334,34,0,.66666669,0,.33333334,0,0,0,0,1.4,0,.33333334,.33333334,1,0,0,0,0,71
10302010,-11.96399974822998,34.07680130004883,2,.098765433,-.8129317164421082,.33333334,37,0,.33333334,.33333334,0,0,0,0,0,1.61,.2,0,.60000002,0,0,0,0,0,71
10302010,-11.96399974822998,34.07680130004883,3,.09259259,-1.48876941204071,.33333334,40,0,.66666669,0,.33333334,0,0,0,0,.64999998,0,0,1,.5,0,0,0,0,71
10302010,-11.96399974822998,34.07680130004883,4,.003215434,-.0834151208400726,.33333334,43,0,.66666669,0,0,.33333334,0,0,0,4.7399998,0,0,.375,.66666669,0,0,0,0,71
10502268,-11.28499984741211,33.77849960327148,1,.23892298,-.8846368193626404,0,53.777779,0,.8888889,0,0,0,0,0,0,22.59,.057142857,.028571429,.65714288,.22222222,0,0,0,0,83
10502268,-11.28499984741211,33.77849960327148,2,.23652643,-.1209984645247459,.22222222,55.333332,0,.55555558,.22222222,.11111111,0,0,0,0,24.559999,.086956523,.086956523,.43478259,.33333334,0,0,0,0,83
10502268,-11.28499984741211,33.77849960327148,3,.41470113,-1.377567887306213,.25,55.75,0,.875,0,0,0,0,0,0,16.99,0,.10526316,.7368421,.625,0,0,0,0,83
10502268,-11.28499984741211,33.77849960327148,4,.0080842106,-.5744519233703613,.33333334,57,0,.22222222,.44444445,.11111111,0,0,0,0,17.059999,0,.064516127,.64516127,.22222222,0,0,0,0,83
10505310,-11.3125,33.47990036010742,1,.39921668,-1.041500926017761,.15384616,39.615383,0,.61538464,.38461539,0,0,0,0,0,30.790001,.093023255,.13953489,.39534885,.15384616,0,0,0,0,67
10505310,-11.3125,33.47990036010742,2,.52625835,-.0788073688745499,.07692308,42.846153,0,.76923078,.15384616,0,0,0,0,0,32.720001,.18181819,.060606062,.45454547,.30769232,0,0,0,0,67
10505310,-11.3125,33.47990036010742,3,.37804377,-1.512019395828247,.07692308,46.615383,0,.53846157,.30769232,.07692308,.07692308,0,0,0,29.299999,.10526316,0,.52631581,.23076923,0,0,0,0,67
10505310,-11.3125,33.47990036010742,4,.32558152,-.3055238723754883,.23076923,40.692307,.07692308,.30769232,.46153846,.15384616,.07692308,0,0,0,37.25,.043478262,.10869565,.32608697,.30769232,0,0,0,0,67
10732192,-11.40760040283203,33.99489974975586,1,.5,-.9533055424690247,0,55,0,0,1,0,0,0,0,0,2,0,.5,1,1,0,0,0,1,77
10732192,-11.40760040283203,33.99489974975586,2,0,-.5148171186447144,0,58,0,0,0,1,0,0,0,0,2.5,0,0,1,1,0,0,0,0,77
10732192,-11.40760040283203,33.99489974975586,3,.23809524,-1.460157752037048,0,62,1,0,1,0,0,0,0,0,2.8499999,0,.5,.5,0,0,0,,,77
10732192,-11.40760040283203,33.99489974975586,4,0,-.364139199256897,0,50,0,1,0,0,0,0,0,0,2.76,0,0,.80000001,0,0,0,,,77
10734370,-11.43299961090088,34.02349853515625,1,.8490566,-.9400842189788818,0,51,1,0,0,1,0,0,0,0,3.7,0,.66666669,.33333334,0,0,0,0,0,80
10734370,-11.43299961090088,34.02349853515625,2,1,-.5046207308769226,0,53.5,1,0,0,0,.5,.5,0,0,2.52,0,.5,.5,0,0,0,0,0,80
10734370,-11.43299961090088,34.02349853515625,3,1,-1.417468786239624,0,57,1,0,0,0,1,0,0,0,,,,,,0,0,,,80
10734370,-11.43299961090088,34.02349853515625,4,.54981673,-.3205321729183197,0,59.5,.5,0,0,0,.5,0,.5,0,2.4300001,0,.33333334,.5,0,0,0,,,80
10746033,-11.46080017089844,33.97389984130859,1,.1,-.9574111700057983,0,36,.5,.5,0,.5,0,0,0,0,1.39,0,.5,0,0,0,0,0,0,75
10746033,-11.46080017089844,33.97389984130859,2,0,-.5248315930366516,0,39,1,.5,0,.5,0,0,0,0,1.6900001,0,0,.5,0,0,0,5,0,75
10746033,-11.46080017089844,33.97389984130859,3,.9375,-1.389425754547119,0,41,0,2,0,0,0,0,0,0,,,,,,0,0,1,0,75
10746033,-11.46080017089844,33.97389984130859,4,.25396827,-.2570443153381348,.5,33,.5,0,1,0,0,0,0,0,2.73,0,0,.75,0,0,0,0,0,75
20111718,-13.34879970550537,33.44039916992188,1,.4719997,-1.493432402610779,.125,44.75,.25,.875,0,.125,0,0,0,0,22.57,.11764706,.17647059,.47058824,0,0,0,0,0,22
20111718,-13.34879970550537,33.44039916992188,2,.41357368,.6281725168228149,.125,45.375,.25,.875,0,.125,0,0,0,0,18.82,.043478262,.17391305,.39130434,.75,0,0,0,1,22
20111718,-13.34879970550537,33.44039916992188,3,.55041981,-.673663318157196,.25,50.125,.375,.75,0,.125,0,0,0,0,22.77,.043478262,.17391305,.56521738,.75,0,0,0,0,22
20111718,-13.34879970550537,33.44039916992188,4,.068164818,-.340492844581604,0,43.875,.375,.5,.125,.125,0,.125,0,0,14.56,0,.13636364,.40909091,0,0,0,6,1,22
20112661,-12.88160037994385,33.72679901123047,1,.54554743,-1.009866237640381,.14285715,47.714287,.21428572,.35714287,.21428572,0,.14285715,0,0,0,56.43,0,.069767445,.72093022,.21428572,0,0,0,0,72
20112661,-12.88160037994385,33.72679901123047,2,.11113913,.7994605898857117,.14285715,49.785713,.21428572,.64285713,0,0,.071428575,0,0,0,56.759998,0,.03846154,.59615386,.85714287,0,0,0,0,72
20112661,-12.88160037994385,33.72679901123047,3,.44730264,-.8761337399482727,0,46.92857,.21428572,.78571427,0,.071428575,.14285715,0,0,0,46.490002,.030303031,.15151516,.54545456,.76923078,0,0,8,0,72
20112661,-12.88160037994385,33.72679901123047,4,.47237971,-.6067786812782288,.14285715,48.642857,.071428575,.78571427,0,.071428575,0,0,0,0,41.939999,.023255814,.11627907,.44186047,.21428572,0,0,0,0,72
20205207,-13.35000038146973,34.27050018310547,1,.38950276,-.5820566415786743,.33333334,40.5,0,.58333331,.16666667,.083333336,0,0,0,0,17.35,.07692308,.11538462,.57692307,.5,0,0,0,0,92
20205207,-13.35000038146973,34.27050018310547,2,.38905224,-.0635576397180557,.41666666,41.5,.16666667,.58333331,.083333336,.16666667,0,0,0,0,18.440001,0,.19354838,.45161289,.75,0,0,0,0,92
20205207,-13.35000038146973,34.27050018310547,3,.36627907,-.9639403820037842,.5714286,52.57143,.14285715,1.1428572,.14285715,.14285715,.14285715,0,0,0,25.620001,.039999999,.16,.56,.63636363,20,1,2,1,92
20205207,-13.35000038146973,34.27050018310547,4,.39297646,-1.08016312122345,.25,45.75,.25,.66666669,.083333336,.083333336,.083333336,0,0,0,28.73,0,.2631579,.39473686,.33333334,0,0,3,1,92
20206362,-13.27400016784668,34.14039993286133,1,.82794958,-.8227841854095459,.083333336,35.666668,.083333336,.83333331,.083333336,0,0,0,0,0,24.200001,.19354838,.064516127,.54838711,.16666667,25,1,0,1,88
20206362,-13.27400016784668,34.14039993286133,2,.75986159,.0896998271346092,.16666667,38.583332,0,.66666669,.16666667,0,0,0,0,0,27.780001,.064516127,.19354838,.51612902,.66666669,122,1,1,1,88
20206362,-13.27400016784668,34.14039993286133,3,.56542695,-.8752720952033997,0,36.299999,.2,1.1,.1,0,0,0,0,0,26.209999,.054054055,.027027028,.4054054,.40000001,0,0,0,1,88
20206362,-13.27400016784668,34.14039993286133,4,.8729983,-.7084683179855347,.16666667,37.666668,.083333336,.75,.083333336,.083333336,0,0,0,0,18.040001,.071428575,.14285715,.53571427,.25,90,1,10,1,88
20303065,-13.23050022125244,34.00930023193359,1,.1335524,-.8804996609687805,.06666667,46.933334,.06666667,.73333335,.13333334,.06666667,0,0,0,0,39.880001,0,.085714288,.80000001,.53333336,0,0,0,0,84
20303065,-13.23050022125244,34.00930023193359,2,.54436457,.2250586897134781,.06666667,47.666668,.06666667,.93333334,.06666667,0,0,0,0,0,51.310001,.040816326,.06122449,.67346936,.60000002,0,0,1,0,84
20303065,-13.23050022125244,34.00930023193359,3,.23256747,-.7338849902153015,0,47.42857,.14285715,.85714287,.14285715,0,0,0,0,0,42.66,.07692308,.03846154,.57692307,.42857143,0,0,0,0,84
20303065,-13.23050022125244,34.00930023193359,4,.72362226,-.5645636916160583,0,45.599998,0,.86666667,.06666667,.06666667,0,0,0,0,26.139999,.065217391,.19565217,.52173913,.53333336,40,1,0,0,84
20306557,-13.33139991760254,33.85810089111328,1,.39653698,-1.161016345024109,.18181819,44.18182,0,.81818181,0,.090909094,0,0,0,0,36.240002,.029411765,.05882353,.82352942,.18181819,0,0,0,0,45
20306557,-13.33139991760254,33.85810089111328,2,.29009178,.279851108789444,.18181819,40.81818,0,.72727275,0,.090909094,0,0,0,0,45.130001,.046511628,.13953489,.55813956,.90909094,0,0,0,0,45
20306557,-13.33139991760254,33.85810089111328,3,.16052465,-.5629002451896667,.14285715,41.285713,.14285715,1.4285715,.14285715,0,0,0,0,0,26.129999,.0625,.03125,.65625,.30000001,0,0,0,1,45
20306557,-13.33139991760254,33.85810089111328,4,.2021087,-.5761911869049072,.36363637,39.636364,.18181819,.63636363,.18181819,.090909094,0,0,0,0,37.009998,0,.054054055,.37837839,.18181819,0,0,20,0,45
20404032,-13.74689960479736,34.16320037841797,1,.58526468,-1.046926975250244,.14285715,49.07143,0,.35714287,.071428575,.14285715,0,0,0,0,26.799999,.10344828,.13793103,.55172414,.071428575,0,0,0,1,65
20404032,-13.74689960479736,34.16320037841797,2,.55568773,.2503925561904907,.42857143,52.57143,0,.42857143,0,.071428575,0,0,0,0,26.380001,.024390243,.073170729,.58536583,.71428573,0,0,0,0,65
20404032,-13.74689960479736,34.16320037841797,3,.49876565,-.2899316549301147,.21428572,51.142857,0,.2857143,.071428575,0,.071428575,0,0,0,26.5,.1025641,.12820514,.41025642,.61538464,0,0,0,0,65
20404032,-13.74689960479736,34.16320037841797,4,.61417145,-1.216644287109375,.21428572,49.214287,.071428575,.64285713,0,.071428575,.071428575,0,0,0,20.74,.030303031,.18181819,.4848485,.35714287,0,0,0,1,65
20404575,-13.79209995269775,34.16019821166992,1,.6634267,-1.087439060211182,.06666667,45.799999,.2,.80000001,0,0,0,0,0,0,34.720001,.027027028,.10810811,.75675678,.06666667,0,0,0,1,55
20404575,-13.79209995269775,34.16019821166992,2,.5314526,.2942805588245392,.13333334,48.799999,.06666667,.73333335,.06666667,0,0,0,0,0,33.5,.04255319,.10638298,.65957445,.66666669,0,0,0,0,55
20404575,-13.79209995269775,34.16019821166992,3,.3334482,-.2609780430793762,.15384616,45.153847,.15384616,.92307693,.07692308,.07692308,0,0,0,0,32.75,.023255814,.18604651,.39534885,.73333335,0,0,0,0,55
20404575,-13.79209995269775,34.16019821166992,4,.051196627,-1.138314366340637,.2,44.933334,.26666668,.73333335,0,.06666667,0,0,0,0,28.040001,.020833334,.0625,.75,0,0,0,0,0,55
20407398,-13.63619995117188,33.7489013671875,1,.67716557,-1.555614948272705,.23076923,41.53846,0,.76923078,.15384616,0,0,0,0,0,32.099998,.0625,.15625,.59375,.15384616,0,0,0,0,18
20407398,-13.63619995117188,33.7489013671875,2,.34489635,.5862756371498108,.15384616,40.153847,0,.69230771,.07692308,0,0,0,0,0,31.219999,.057142857,.057142857,.5714286,.61538464,0,0,0,0,18
20407398,-13.63619995117188,33.7489013671875,3,.13911532,-.7068770527839661,.15384616,42.23077,0,.76923078,.15384616,0,0,0,0,0,43.439999,0,.140625,.453125,.38461539,0,0,0,1,18
20407398,-13.63619995117188,33.7489013671875,4,.52527577,-.8121358752250671,.23076923,41,.07692308,.46153846,.23076923,.07692308,0,0,0,0,27.559999,0,.054054055,.35135135,.30769232,0,0,0,1,18
20407481,-13.50769996643066,33.73759841918945,1,.30238062,-1.466157913208008,.15384616,47.53846,.46153846,.38461539,.07692308,.15384616,.23076923,0,0,0,21.370001,.11538462,.07692308,.5,.15384616,0,0,10,1,23
20407481,-13.50769996643066,33.73759841918945,2,.75615376,.4876614511013031,.15384616,52.153847,.23076923,.53846157,.07692308,.07692308,.23076923,0,0,0,18.940001,0,.19444445,.47222221,.84615386,0,0,6,1,23
20407481,-13.50769996643066,33.73759841918945,3,.24762101,-.6864842772483826,.23076923,50.23077,.38461539,.61538464,.07692308,.07692308,.15384616,0,0,0,25.65,.016129032,.12903225,.3548387,.46153846,0,0,0,0,23
20407481,-13.50769996643066,33.73759841918945,4,.33214921,-.806800365447998,.23076923,51.692307,.38461539,.69230771,0,.07692308,.15384616,0,0,0,21.02,.01923077,.057692308,.42307693,.15384616,0,0,10,1,23
20508349,-13.48830032348633,34.26139831542969,1,.40144289,-.7293314933776855,.1,39.599998,.40000001,.80000001,0,0,.1,.1,0,0,11.36,.14285715,.23809524,.19047619,.1,0,0,2,0,90
20508349,-13.48830032348633,34.26139831542969,2,.44728994,-.1504975408315659,.1,42.799999,.2,.69999999,0,0,.2,0,0,0,20.780001,0,.375,.29166666,.69999999,4500,1,4,1,90
20508349,-13.48830032348633,34.26139831542969,3,.44273129,-.7666580080986023,.40000001,39.700001,.1,.69999999,0,.1,0,0,.1,0,9.6499996,.13333334,0,.26666668,.42857143,0,0,3,0,90
20508349,-13.48830032348633,34.26139831542969,4,.6745711,-1.029912948608398,.5,48.700001,.2,.80000001,0,.1,0,0,.1,0,21.85,0,.38461539,.5,.5,0,0,2,1,90
20601626,-14.07549953460693,33.91830062866211,1,.30296129,-1.68473494052887,0,39.25,.25,.125,.375,0,.375,0,0,0,12.31,.095238097,.38095239,.2857143,.125,0,0,7,1,3
20601626,-14.07549953460693,33.91830062866211,2,.62885302,.526203989982605,0,37.625,.625,0,.375,0,.5,0,0,0,9.6900005,0,.47058824,.35294119,.75,0,0,8,1,3
20601626,-14.07549953460693,33.91830062866211,3,.4698875,-.3500847220420837,0,41.875,.5,.125,.375,0,.375,.125,0,0,4.8099999,0,.30769232,.53846157,.5,0,0,5,1,3
20601626,-14.07549953460693,33.91830062866211,4,.15042251,-.6240038871765137,.125,44.125,.5,.25,.125,.125,.375,0,0,0,6.4200001,0,.090909094,.45454547,.25,0,0,7,1,3
20603090,-14.26000022888184,33.79830169677734,1,.73994726,-1.557218670845032,.30000001,48.700001,0,.80000001,0,0,0,0,0,0,24.49,.064516127,.29032257,.38709676,.18181819,0,0,0,1,17
20603090,-14.26000022888184,33.79830169677734,2,.5448488,.0785802602767944,.090909094,42,0,.81818181,0,.090909094,0,0,0,0,18.01,.1,.06666667,.46666667,.54545456,0,0,0,1,17
20603090,-14.26000022888184,33.79830169677734,3,.10119815,-.2485807090997696,.18181819,44.545456,0,.81818181,0,.090909094,0,0,0,0,13.73,.043478262,.13043478,.52173913,.22222222,0,0,0,0,17
20603090,-14.26000022888184,33.79830169677734,4,.2362719,-.6320465207099915,.18181819,38.363636,0,.63636363,0,.090909094,.090909094,0,0,0,16.76,0,.14285715,.5714286,.18181819,0,0,2,0,17
20603533,-14.27490043640137,33.75970077514648,1,.79760718,-1.54270601272583,0,43,.33333334,0,0,0,.66666669,0,0,0,7.9400001,.14285715,.2857143,.14285715,.33333334,0,0,5,1,19
20603533,-14.27490043640137,33.75970077514648,2,.2647059,.0831355527043343,.66666669,40.666668,.33333334,.66666669,0,0,0,.33333334,0,0,2.6400001,0,.40000001,0,.66666669,0,0,12,1,19
20603533,-14.27490043640137,33.75970077514648,3,1,-.1712264567613602,.33333334,47.666668,.33333334,0,.33333334,.33333334,0,0,.33333334,0,1.47,0,1,0,.5,0,0,10,1,19
20603533,-14.27490043640137,33.75970077514648,4,.3010653,-.5566761493682861,.33333334,50.666668,.33333334,.33333334,0,0,.33333334,0,.33333334,0,4.2199998,0,.16666667,.33333334,.33333334,0,0,15,1,19
20607260,-13.86740016937256,33.82809829711914,1,.45698926,-1.426175117492676,0,48.75,.75,.5,0,0,.5,0,0,0,9.6599998,0,.42857143,.42857143,.25,0,0,1,1,25
20607260,-13.86740016937256,33.82809829711914,2,.71990401,.4815289974212646,.25,41.75,0,.75,0,.25,0,0,0,0,7.1400003,.11111111,.33333334,.22222222,.75,0,0,5,1,25
20607260,-13.86740016937256,33.82809829711914,3,.10446203,-.4046630859375,.33333334,49.666668,.33333334,.33333334,.66666669,.33333334,0,0,0,0,7.1199999,0,.25,.5,.75,0,0,2,0,25
20607260,-13.86740016937256,33.82809829711914,4,.234375,-.7716943025588989,.5,58,0,.75,0,.25,0,0,0,0,3.8599999,0,.125,.625,0,25,1,2,0,25
20607315,-13.79930019378662,33.8588981628418,1,.76539522,-1.363649249076843,.23076923,44.923077,.30769232,.92307693,0,0,0,0,0,0,31.32,.09375,.0625,.59375,.30769232,0,0,2,1,27
20607315,-13.79930019378662,33.8588981628418,2,.36628708,.5842195153236389,.07692308,51.692307,.23076923,.69230771,.23076923,0,0,0,0,0,23.860001,.081632651,.06122449,.59183675,.69230771,0,0,1,1,27
20607315,-13.79930019378662,33.8588981628418,3,.4025152,-.4617514312267303,.23076923,56.923077,.15384616,.84615386,0,0,0,0,0,0,21.540001,.1,.2,.53333336,.30769232,0,0,0,0,27
20607315,-13.79930019378662,33.8588981628418,4,.37380919,-.8571977615356445,.30769232,53.53846,.23076923,.84615386,0,0,0,0,0,0,24.469999,.022222223,.13333334,.31111112,.15384616,0,0,0,0,27
20610050,-14.10449981689453,34.00180053710938,1,.25399032,-1.647645831108093,0,42.545456,.18181819,.45454547,.18181819,0,.090909094,0,0,0,19.309999,.11538462,.03846154,.38461539,0,0,0,3,1,9
20610050,-14.10449981689453,34.00180053710938,2,.22968207,.4083701372146606,.18181819,44.727272,0,.63636363,.090909094,0,.090909094,0,0,0,17.799999,0,.068965517,.34482759,.63636363,0,0,1,0,9
20610050,-14.10449981689453,34.00180053710938,3,.084957369,-.2562609612941742,.27272728,42.545456,.090909094,.54545456,0,.090909094,0,0,0,0,15.28,0,0,.40000001,.54545456,0,0,2,0,9
20610050,-14.10449981689453,34.00180053710938,4,.36257905,-.5388262271881104,.18181819,46.363636,.18181819,.63636363,.090909094,0,0,0,0,0,12.78,.054054055,.054054055,.48648649,.36363637,0,0,0,1,9
20614477,-14.03299999237061,33.51589965820313,1,.71002144,-1.600252509117126,0,40.777779,0,.8888889,0,0,0,0,0,0,19.58,.18181819,.045454547,.77272725,0,0,0,3,0,14
20614477,-14.03299999237061,33.51589965820313,2,.21932185,.6878406405448914,.11111111,43,0,.77777779,0,0,0,0,0,0,16.710001,.064516127,.16129032,.54838711,.66666669,0,0,2,0,14
20614477,-14.03299999237061,33.51589965820313,3,.39509341,-.5768709778785706,.22222222,46.111111,.11111111,.44444445,.22222222,0,0,0,0,0,15.37,0,.13636364,.5,.44444445,0,0,0,0,14
20614477,-14.03299999237061,33.51589965820313,4,.28798515,-.5086838603019714,.11111111,44.444443,.11111111,.44444445,.11111111,0,0,0,0,0,15.71,0,.088235296,.52941179,.11111111,0,0,0,0,14
20615064,-13.81219959259033,33.5004997253418,1,.46940824,-1.633428931236267,.16666667,46.25,.083333336,.75,.083333336,0,0,0,0,0,25.75,.10714286,0,.39285713,.083333336,0,0,0,1,11
20615064,-13.81219959259033,33.5004997253418,2,.50912935,.7990362644195557,.16666667,45.083332,.16666667,.66666669,.083333336,0,0,0,0,0,26.959999,.045454547,.11363637,.54545456,.33333334,0,0,1,1,11
20615064,-13.81219959259033,33.5004997253418,3,.43694708,-.7880294919013977,.33333334,41.5,.16666667,.83333331,0,0,0,0,0,0,18.4,.052631579,.13157895,.5,.30000001,0,0,3,1,11
20615064,-13.81219959259033,33.5004997253418,4,.34316218,-.5603160858154297,.41666666,44,0,.75,0,0,.083333336,0,0,0,31.35,.020833334,.083333336,.35416666,.083333336,0,0,10,0,11
20615735,-13.93470001220703,33.49399948120117,1,.5836854,-1.626283288002014,.2857143,37.92857,.071428575,.78571427,0,.071428575,0,0,0,0,37.82,0,.12820514,.48717949,0,0,0,4,1,12
20615735,-13.93470001220703,33.49399948120117,2,.81438553,.810706615447998,.30769232,39.615383,0,.61538464,.07692308,.23076923,0,0,0,0,26.969999,0,.24390244,.24390244,.5714286,0,0,0,1,12
20615735,-13.93470001220703,33.49399948120117,3,.5023765,-.6594513654708862,.2857143,42,0,.71428573,.14285715,.071428575,0,0,0,0,23.110001,.032258064,.29032257,.3548387,.21428572,0,0,4,1,12
20615735,-13.93470001220703,33.49399948120117,4,.60720938,-.5350564122200012,.21428572,43.42857,.14285715,.5714286,.14285715,.071428575,.14285715,0,0,0,35.07,0,.14285715,.51020408,.14285715,0,0,0,0,12
20705372,-13.50269985198975,32.98630142211914,1,.26587456,-1.212054252624512,0,36.545456,.090909094,.45454547,.18181819,0,.090909094,0,0,0,30.799999,0,0,.45833334,.63636363,0,0,0,0,41
20705372,-13.50269985198975,32.98630142211914,2,.26269859,.7040596604347229,0,39.545456,.090909094,.45454547,.18181819,0,0,.090909094,0,0,25.960001,.10714286,.035714287,.32142857,.54545456,0,0,0,1,41
20705372,-13.50269985198975,32.98630142211914,3,.10542084,-.9744181036949158,.090909094,45.545456,.090909094,.54545456,.18181819,.090909094,0,0,0,0,37.5,.043478262,.086956523,.73913044,.36363637,0,0,0,1,41
20705372,-13.50269985198975,32.98630142211914,4,.39937228,.0541670396924019,0,44.272728,0,.45454547,.27272728,0,0,0,0,0,37.599998,.051282052,.1025641,.66666669,.090909094,0,0,0,0,41
20801046,-14.37629985809326,34.03939819335938,1,.15784028,-1.539516568183899,.23076923,48.46154,.07692308,.53846157,0,.07692308,.07692308,0,0,0,25.76,.050000001,.1,.34999999,.14285715,0,0,0,0,20
20801046,-14.37629985809326,34.03939819335938,2,.21662921,-.1126787588000298,.2857143,48.642857,.14285715,.71428573,0,.071428575,.071428575,0,0,0,18.959999,.055555556,.14814815,.66666669,.78571427,0,0,4,0,20
20801046,-14.37629985809326,34.03939819335938,3,.1894979,-.036039687693119,.21428572,48.92857,.071428575,.78571427,.071428575,.071428575,.071428575,0,0,0,15.77,0,.21621622,.4054054,.66666669,150,1,0,1,20
20801046,-14.37629985809326,34.03939819335938,4,.21321256,-.8979654312133789,.35714287,45.07143,.071428575,.64285713,.071428575,.071428575,.071428575,0,0,0,23.879999,.016949153,.13559322,.66101694,.2857143,0,0,0,0,20
20803156,-14.2992000579834,34.11259841918945,1,.10128684,-1.623748898506165,.33333334,47.666668,0,.40000001,.06666667,0,0,0,0,0,25.16,.057142857,.14285715,.51428574,0,0,0,0,0,13
20803156,-14.2992000579834,34.11259841918945,2,.13436872,.0753064230084419,.33333334,49.266666,.13333334,.46666667,.13333334,0,0,0,0,0,22.870001,.06666667,.1,.36666667,.60000002,0,0,9,0,13
20803156,-14.2992000579834,34.11259841918945,3,.081339709,-.1475737392902374,.26666668,48.666668,0,.66666669,0,0,0,0,0,0,24.4,0,.09375,.40625,.53333336,13,1,0,1,13
20803156,-14.2992000579834,34.11259841918945,4,.15600067,-.981084942817688,.33333334,44.866665,.06666667,.60000002,0,0,0,0,0,0,29.9,.0625,.0625,.52083331,.13333334,0,0,0,1,13
20804405,-14.02610015869141,34.2599983215332,1,.39221406,-1.288867354393005,0,37,.25,.75,.125,.125,0,0,0,0,11.46,.039999999,.079999998,.36000001,0,0,0,,,32
20804405,-14.02610015869141,34.2599983215332,2,.17018072,-.0480254963040352,.125,40.25,.25,.5,.375,0,0,0,0,0,11.83,.13043478,0,.65217394,.375,0,0,0,0,32
20804405,-14.02610015869141,34.2599983215332,3,.011248454,-.1066883206367493,.25,42.875,.125,.5,.25,.125,0,0,0,0,9.3199997,0,.05882353,.70588237,.80000001,100,1,0,1,32
20804405,-14.02610015869141,34.2599983215332,4,.32539684,-1.164932489395142,.375,46,.125,.75,.25,0,0,0,0,0,13.67,0,.125,.75,.125,0,0,0,1,32
20807727,-14.35560035705566,34.57929992675781,1,.35549518,-1.266122102737427,.13333334,38.400002,.26666668,.60000002,.06666667,0,0,0,0,0,17.23,.052631579,.052631579,.42105263,.13333334,10,1,1,0,37
20807727,-14.35560035705566,34.57929992675781,2,.16238159,-.4051234126091003,.06666667,41.599998,0,.66666669,0,0,0,0,0,0,21.280001,.05882353,.029411765,.2647059,.60000002,0,0,0,0,37
20807727,-14.35560035705566,34.57929992675781,3,.29578209,.0712224543094635,.21428572,38.57143,.14285715,.5,.21428572,.071428575,0,0,0,0,19.360001,0,.16216215,.24324325,.61538464,20,1,0,0,37
20807727,-14.35560035705566,34.57929992675781,4,.36967838,-1.408240437507629,.33333334,37.333332,.06666667,.73333335,.06666667,.06666667,0,0,0,0,25.83,0,.10638298,.27659574,.33333334,0,0,0,0,37
20808421,-14.34869956970215,34.40399932861328,1,.13591427,-1.447743773460388,.1875,42.375,0,.5625,.0625,.0625,0,0,0,0,21.93,.081081077,.10810811,.21621622,0,0,0,0,0,24
20808421,-14.34869956970215,34.40399932861328,2,.022498274,-.2914234101772308,.125,40.0625,0,.625,.0625,.0625,0,0,0,0,20.58,.055555556,.027777778,.6111111,.6875,0,0,0,0,24
20808421,-14.34869956970215,34.40399932861328,3,.098536037,.1693562269210815,.1875,39.5,.0625,.6875,.0625,0,.0625,0,0,0,11.8,0,0,.42307693,.53846157,30,1,0,1,24
20808421,-14.34869956970215,34.40399932861328,4,.044322465,-1.0798020362854,.3125,42.125,0,.6875,.125,0,.0625,0,0,0,21.360001,0,.03773585,.58490568,.1875,0,0,2,0,24
20906524,-14.76889991760254,34.64609909057617,1,.05484394,-1.331242203712463,.46666667,51.666668,0,.73333335,.13333334,0,0,0,0,0,23.24,.11627907,.11627907,.23255815,0,0,0,0,0,29
20906524,-14.76889991760254,34.64609909057617,2,.073493302,.0812904536724091,.46666667,44.200001,.06666667,.73333335,0,.06666667,0,0,0,0,25.07,.075000003,.050000001,.57499999,.46666667,0,0,1,0,29
20906524,-14.76889991760254,34.64609909057617,3,.1674277,.5543760061264038,.40000001,45.466667,.13333334,.86666667,0,.13333334,0,0,0,0,17.83,0,.10714286,.60714287,.36363637,50,1,0,1,29
20906524,-14.76889991760254,34.64609909057617,4,.03967322,-1.404876708984375,.60000002,42.333332,0,.86666667,0,.06666667,0,0,0,0,24.67,0,.090909094,.52272725,.06666667,0,,0,0,29
20906605,-14.65139961242676,34.6255989074707,1,.32380649,-1.227809906005859,.23076923,50.153847,.15384616,.53846157,.15384616,.15384616,0,0,0,0,23.040001,.021276595,.10638298,.38297874,.07692308,0,0,0,0,39
20906605,-14.65139961242676,34.6255989074707,2,.30073896,-.0619355961680412,.41666666,53.666668,.083333336,.58333331,.33333334,0,0,0,0,0,21.91,.051282052,.07692308,.38461539,.61538464,0,0,0,1,39
20906605,-14.65139961242676,34.6255989074707,3,.34173158,.3973129689693451,.23076923,41.307693,.23076923,.38461539,.07692308,.07692308,.07692308,0,.15384616,0,10.92,.1,.1,.53333336,.5,0,0,1,0,39
20906605,-14.65139961242676,34.6255989074707,4,.56451613,-1.485299706459045,.46153846,38.615383,.15384616,.61538464,.07692308,.07692308,0,0,0,.07692308,16.66,0,.071428575,.5714286,.23076923,0,0,0,1,39
20908119,-14.50360012054443,34.6593017578125,1,.24100564,-1.306812405586243,.35714287,36.214287,0,.78571427,0,0,.071428575,0,0,0,35.5,.050000001,.1,.57499999,.35714287,0,0,0,1,31
20908119,-14.50360012054443,34.6593017578125,2,.21899502,-.3628098666667938,.21428572,39.357143,0,.5714286,.071428575,.14285715,.071428575,0,0,0,26.860001,.075000003,.050000001,.52499998,.64285713,0,0,0,1,31
20908119,-14.50360012054443,34.6593017578125,3,.095767096,.2381120622158051,.35714287,42.07143,0,.85714287,0,0,.071428575,0,0,0,16.18,0,.050000001,.60000002,.60000002,10,1,0,1,31
20908119,-14.50360012054443,34.6593017578125,4,.28513166,-1.516479849815369,.2857143,45.142857,0,.78571427,0,.071428575,.071428575,0,0,0,29.030001,0,.065217391,.30434781,.071428575,0,0,0,0,31
20909113,-14.41359996795654,34.61059951782227,1,.25799099,-1.278564095497131,.11111111,41.555557,.22222222,.77777779,0,.22222222,0,0,0,0,9.8199997,.06666667,.13333334,.53333336,.55555558,0,0,0,1,35
20909113,-14.41359996795654,34.61059951782227,2,.51840836,-.4274895489215851,.33333334,43.111111,.11111111,.77777779,.11111111,0,0,0,0,0,14.08,.2,.15000001,.1,.66666669,0,0,0,1,35
20909113,-14.41359996795654,34.61059951782227,3,.3803426,.1962656378746033,.5,40,.125,.875,.25,0,0,0,0,0,7.75,.0625,.125,0,.5714286,31,1,6,1,35
20909113,-14.41359996795654,34.61059951782227,4,.15950756,-1.454004168510437,.55555558,40.888889,.22222222,.77777779,0,.11111111,.11111111,0,0,0,15.17,0,.125,.25,.11111111,0,0,1,1,35
21037030,-13.98960018157959,33.77719879150391,1,.035084642,-1.668535709381104,0,54,1,0,0,1,0,0,0,0,2.6400001,0,.25,.5,0,0,0,,,4
21037030,-13.98960018157959,33.77719879150391,2,.65095693,.6061634421348572,0,57,.5,0,.5,.5,0,0,0,0,4.4000001,0,.2857143,.5714286,1,0,0,,,4
21037030,-13.98960018157959,33.77719879150391,3,.32432431,-.4882980585098267,0,59,.5,0,.5,.5,0,0,0,0,3.54,0,0,.33333334,0,0,0,,,4
21037030,-13.98960018157959,33.77719879150391,4,.3749063,-.3830449879169464,0,45,0,.5,0,.5,0,0,0,0,5.4499998,0,.40000001,0,0,0,0,0,0,4
21037536,-13.99170017242432,33.77890014648438,1,0,-1.668535709381104,0,35,0,0,0,0,1,0,0,0,.13,0,.5,0,0,0,0,2,0,4
21037536,-13.99170017242432,33.77890014648438,2,1,.6061634421348572,0,38,0,0,0,0,0,1,0,0,.12,0,1,0,0,0,0,0,0,4
21037536,-13.99170017242432,33.77890014648438,3,0,-.4882980585098267,0,40,0,0,0,0,0,1,0,0,,,,,,0,0,,,4
21037536,-13.99170017242432,33.77890014648438,4,1,-.3830449879169464,0,43,0,0,0,0,0,0,1,0,.079999998,0,0,0,0,0,0,,,4
21048764,-13.93540000915527,33.78279876708984,1,1,-1.59465765953064,.5,61.5,.5,0,1,0,0,0,0,0,3.27,0,.5,.5,0,0,0,2,0,15
21048764,-13.93540000915527,33.78279876708984,2,.84375,.5666056871414185,0,42,.5,0,0,0,0,.5,0,0,3,0,.5,.25,.5,0,0,0,0,15
21048764,-13.93540000915527,33.78279876708984,3,.92783505,-.4804272949695587,0,36,.5,0,0,0,.5,.5,0,0,2.45,0,.33333334,.66666669,.5,0,0,,,15
21048764,-13.93540000915527,33.78279876708984,4,.59523809,-.5226693749427795,0,39,1,0,0,0,.5,0,0,.5,4.8600001,0,0,.40000001,0,0,0,1,0,15
21051203,-14.00389957427979,33.80810165405273,1,.25,-1.668535709381104,.5,40.5,.5,0,0,.5,0,.5,0,0,3,0,.5,0,.5,0,0,,,4
21051203,-14.00389957427979,33.80810165405273,2,0,.6061634421348572,.5,36.5,0,.5,0,0,0,0,0,0,5.0299997,0,0,0,0,0,0,,,4
21051203,-14.00389957427979,33.80810165405273,3,0,-.4882980585098267,.5,39,0,1,0,0,0,0,0,0,5.0999999,0,0,.66666669,1,0,0,,,4
21051203,-14.00389957427979,33.80810165405273,4,0,-.3830449879169464,1,61,0,.5,0,0,0,0,0,0,8.1199999,0,0,1,0,0,0,1,0,4
21055241,-13.87580013275146,33.7598991394043,1,.7028302,-1.653185248374939,.25,44,.75,.25,.25,.25,0,0,0,.25,6.75,0,.375,.375,.75,0,0,0,0,8
21055241,-13.87580013275146,33.7598991394043,2,.58196723,.6239679455757141,.5,45.25,.25,0,.5,0,0,.25,.25,0,7.6999998,0,.25,.25,.25,0,0,3,0,8
21055241,-13.87580013275146,33.7598991394043,3,0,-.5813590288162231,.66666669,52.333332,.33333334,0,.33333334,0,0,.33333334,0,.33333334,4.5799999,0,0,.5,.33333334,0,0,,,8
21055241,-13.87580013275146,33.7598991394043,4,.390625,-.6530435681343079,.5,51,.25,.25,.25,0,.25,0,0,0,7.7199998,.1,.1,.80000001,.25,0,0,10,0,8
21055693,-13.86960029602051,33.777099609375,1,1,-1.523216009140015,0,55,1,0,1,0,0,0,0,0,1.41,0,1,0,0,0,0,0,0,21
21055693,-13.86960029602051,33.777099609375,2,1,.5195512175559998,0,58,1,0,1,0,0,0,0,0,.30000001,0,1,0,1,0,0,0,1,21
21055693,-13.86960029602051,33.777099609375,3,1,-.5305769443511963,0,61,1,0,0,1,0,0,0,0,.74000001,0,1,0,0,0,0,1,0,21
21055693,-13.86960029602051,33.777099609375,4,0,-.8238124251365662,1,79,0,0,0,0,0,0,0,0,.22,0,0,.5,0,0,0,4,0,21
21066096,-14.02390003204346,33.77799987792969,1,0,-1.668535709381104,0,30,1,0,0,1,0,0,0,0,1.5,0,0,1,0,0,0,,,4
21066096,-14.02390003204346,33.77799987792969,2,0,.6061634421348572,1,49,0,1,0,0,0,0,0,0,.72000003,0,0,1,0,0,0,0,0,4
21066096,-14.02390003204346,33.77799987792969,3,1,-.4882980585098267,1,52,0,1,0,0,0,0,0,0,,,,,,0,0,,,4
21066096,-14.02390003204346,33.77799987792969,4,1,-.3830449879169464,0,55,0,0,0,0,0,0,0,0,1.5,0,0,1,0,0,0,5,1,4
21066339,-14.02089977264404,33.77460098266602,1,.60000002,-1.696350455284119,0,36.5,.5,0,0,0,.5,0,.5,0,1.5,0,.5,0,0,0,0,0,0,2
21066339,-14.02089977264404,33.77460098266602,2,.33755276,.7073174118995667,0,38.5,0,0,0,.5,0,.5,0,0,12,0,.14285715,.2857143,1,0,0,0,0,2
21066339,-14.02089977264404,33.77460098266602,3,.21276596,-.5461691617965698,0,39,0,.5,0,0,0,0,.5,0,11.47,0,.25,0,1,0,0,0,0,2
21066339,-14.02089977264404,33.77460098266602,4,.81967211,-.4413459599018097,0,42,0,.5,0,0,0,.5,0,0,5.75,0,.33333334,.66666669,.5,0,0,0,0,2
21081573,-13.89389991760254,33.78710174560547,1,.61538464,-1.571195006370544,0,32,.5,.5,.5,0,0,0,0,0,1.5,0,.5,0,0,0,0,,,16
21081573,-13.89389991760254,33.78710174560547,2,.51181102,.5120057463645935,.5,32.5,0,1,0,0,0,0,0,0,3.7600002,0,.16666667,.16666667,1,0,0,0,0,16
21081573,-13.89389991760254,33.78710174560547,3,.42857143,-.4799196422100067,.5,47,0,0,.5,0,0,.5,0,0,4.6999998,0,.16666667,.33333334,.5,0,0,,,16
21081573,-13.89389991760254,33.78710174560547,4,.63829786,-.662865936756134,.5,51,0,0,.5,.5,0,0,0,0,4.04,0,.2,.2,0,0,0,6,0,16
21086069,-13.95300006866455,33.71739959716797,1,.88636363,-1.702873826026917,0,41.75,.75,.5,.5,0,0,0,0,0,4.6199999,0,.66666669,.16666667,.75,0,0,0,1,1
21086069,-13.95300006866455,33.71739959716797,2,.81596053,.7792090773582458,0,44.5,.25,.5,.25,.25,0,0,0,0,3.8299999,.22222222,0,.44444445,0,0,0,16,0,1
21086069,-13.95300006866455,33.71739959716797,3,.24242425,-.5987657904624939,0,48.25,0,1,0,0,0,0,0,0,2.78,0,0,.2,.5,0,0,0,0,1
21086069,-13.95300006866455,33.71739959716797,4,.49958369,-.4796866476535797,0,48.75,.25,1,0,0,0,0,0,0,5.54,0,.071428575,.35714287,0,0,0,2,1,1
21086436,-13.95540046691895,33.72859954833984,1,.70673656,-1.641489028930664,.2,41.099998,.5,.60000002,.2,.1,.1,0,0,0,10.75,0,.19047619,.47619048,.40000001,0,0,0,1,10
21086436,-13.95540046691895,33.72859954833984,2,.88625705,.6900909543037415,.1,40.099998,.40000001,.5,.1,.30000001,.1,0,0,0,17.01,.07692308,.23076923,.38461539,.40000001,0,0,16,0,10
21086436,-13.95540046691895,33.72859954833984,3,.62562281,-.5527521967887878,.1,43.599998,.2,.5,.1,.30000001,.1,0,0,0,11.48,.083333336,.33333334,.25,.125,0,0,3,1,10
21086436,-13.95540046691895,33.72859954833984,4,.58571631,-.5419729351997375,.1,45.200001,.5,.40000001,.2,.30000001,.1,0,0,0,20.940001,0,.31034482,.41379312,.2,0,0,0,0,10
30101280,-14.42650032043457,35.25759887695313,1,.552356,-1.066741347312927,.11111111,40.222221,0,.66666669,0,0,0,0,0,0,11.34,0,0,.54545456,0,0,0,0,1,62
30101280,-14.42650032043457,35.25759887695313,2,.25249812,-.1913355439901352,.22222222,42.777779,0,.44444445,0,0,0,0,0,0,7.6500001,.050000001,0,.40000001,.22222222,0,0,0,0,62
30101280,-14.42650032043457,35.25759887695313,3,.082236841,-.0920799747109413,.11111111,48.222221,0,.77777779,0,0,0,0,0,0,8.7799997,0,0,.40000001,.22222222,0,0,0,0,62
30101280,-14.42650032043457,35.25759887695313,4,.29850745,-1.474537968635559,.66666669,48,0,.55555558,0,0,0,0,0,0,11.08,.045454547,.090909094,.31818181,.33333334,0,0,0,0,62
30101545,-14.52439975738525,35.08879852294922,1,.28109264,-1.154807806015015,.30769232,52.53846,0,.30769232,.07692308,0,0,0,0,0,19.83,.16666667,.041666668,.70833331,0,0,0,0,1,46
30101545,-14.52439975738525,35.08879852294922,2,.19020607,-.1335680931806564,.38461539,50.384617,0,.53846157,0,.07692308,0,0,0,0,23.91,0,0,.91891891,.23076923,0,0,0,1,46
30101545,-14.52439975738525,35.08879852294922,3,.21356784,.1158592253923416,.41666666,54.25,0,.83333331,0,0,0,.083333336,0,0,21.09,.2,0,.44999999,.15384616,0,0,0,1,46
30101545,-14.52439975738525,35.08879852294922,4,.28621662,-1.685097336769104,.46153846,48.153847,0,.69230771,0,0,0,0,0,0,15.79,0,.024390243,.48780489,.30769232,0,0,1,1,46
30103074,-14.47910022735596,34.82619857788086,1,.024838328,-1.271039724349976,.06666667,35.866665,0,.73333335,.06666667,0,0,0,0,0,35.310001,.041666668,0,.54166669,.13333334,0,0,0,1,36
30103074,-14.47910022735596,34.82619857788086,2,.19914238,-.3086830973625183,0,37.066666,0,.60000002,0,0,0,0,0,0,40.169998,.018518519,.037037037,.48148149,.33333334,0,0,0,0,36
30103074,-14.47910022735596,34.82619857788086,3,.48297083,.2923847436904907,.33333334,38.666668,0,.73333335,0,0,0,0,0,0,34.91,.037037037,.11111111,.22222222,.5,0,0,0,0,36
30103074,-14.47910022735596,34.82619857788086,4,.63982564,-1.645435452461243,.2,41,0,.66666669,.13333334,0,0,0,0,0,47.330002,0,.096774191,.46774194,.46666667,0,0,0,0,36
30104708,-14.32520008087158,35.42549896240234,1,.058315333,-.9779066443443298,.46153846,38.076923,.07692308,.53846157,0,0,0,0,0,0,19.02,0,.074074075,.66666669,.42857143,0,0,1,1,74
30104708,-14.32520008087158,35.42549896240234,2,.075593784,-.3504096865653992,.5714286,41,0,.5,.071428575,0,0,0,0,0,22.6,.055555556,0,.83333331,.21428572,0,0,0,0,74
30104708,-14.32520008087158,35.42549896240234,3,.5270403,-.0526905842125416,.5,44.57143,0,.71428573,0,0,0,0,0,0,16.959999,0,.15789473,.57894737,.15384616,0,0,0,0,74
30104708,-14.32520008087158,35.42549896240234,4,.044460338,-.9449410438537598,.2857143,44.57143,0,.71428573,0,0,0,0,0,0,17.41,0,.06818182,.45454547,.35714287,0,0,0,0,74
30105325,-14.49120044708252,35.60630035400391,1,.029137189,-.8258049488067627,.44444445,37.555557,.11111111,.33333334,0,.11111111,0,0,0,0,14.610001,0,0,.70588237,.33333334,0,0,0,0,87
30105325,-14.49120044708252,35.60630035400391,2,.11794011,-.4893900752067566,.55555558,44.111111,.11111111,.22222222,.11111111,0,0,0,0,0,14.61,0,.030303031,.60606062,.66666669,0,0,0,0,87
30105325,-14.49120044708252,35.60630035400391,3,.15727478,.05058453977108,.66666669,49,.11111111,.33333334,0,0,0,0,0,0,9.7299995,0,0,.29411766,.60000002,10,1,0,1,87
30105325,-14.49120044708252,35.60630035400391,4,.24981631,-.8814281225204468,.44444445,47.333332,.22222222,.44444445,0,0,0,0,0,0,13.8,0,0,.20833333,.22222222,0,0,1,1,87
30107624,-14.10659980773926,35.41170120239258,1,.071705423,-1.073191046714783,.27272728,46,0,.36363637,0,0,0,0,0,0,17,0,.21052632,.42105263,.33333334,0,0,0,0,59
30107624,-14.10659980773926,35.41170120239258,2,.24120604,-.7165203094482422,.41666666,43.583332,.083333336,.41666666,0,0,0,0,0,0,20.9,0,.034482758,.58620691,.16666667,0,0,0,0,59
30107624,-14.10659980773926,35.41170120239258,3,.30566803,-.1586818695068359,.41666666,43.166668,.083333336,.5,.083333336,0,0,0,0,0,16.49,0,.06666667,.33333334,.33333334,0,0,0,0,59
30107624,-14.10659980773926,35.41170120239258,4,.20716189,-.4291770160198212,.5,44.25,.083333336,.25,0,0,.083333336,0,0,0,21.190001,0,.027777778,.5,.66666669,0,0,0,0,59
30109724,-14.14039993286133,35.21540069580078,1,.42043796,-1.086896181106567,.46153846,43,0,.53846157,0,0,0,0,0,0,30.880001,.0625,.0625,.6875,.21428572,0,0,0,1,56
30109724,-14.14039993286133,35.21540069580078,2,.21269959,-.5664300322532654,.42857143,46.214287,.071428575,.2857143,.071428575,0,.071428575,0,0,0,22.6,.068965517,.068965517,.68965518,.71428573,0,0,0,1,56
30109724,-14.14039993286133,35.21540069580078,3,.24590164,-.4901127219200134,.46153846,48.153847,0,.61538464,.07692308,0,.07692308,0,0,0,18.620001,0,.10526316,.36842105,.25,0,0,0,0,56
30109724,-14.14039993286133,35.21540069580078,4,.24324325,-.9123116135597229,.42857143,41.785713,0,.35714287,.14285715,0,0,0,0,0,24.190001,.020408163,.06122449,.34693879,.5,35,1,0,0,56
30202252,-15.17500019073486,35.33810043334961,1,.30824372,-1.376725077629089,.36363637,40.727272,.18181819,.72727275,.090909094,.090909094,0,0,0,0,13.92,.086956523,.086956523,.56521738,.36363637,0,0,0,1,26
30202252,-15.17500019073486,35.33810043334961,2,.59430981,-.0834289714694023,.18181819,43.090908,0,.45454547,0,.090909094,.090909094,0,0,0,9.5799999,.079999998,.039999999,.72000003,.45454547,0,0,0,0,26
30202252,-15.17500019073486,35.33810043334961,3,.6761905,.4561657011508942,.36363637,39.090908,.090909094,1,0,0,0,0,0,0,9.79,.16,.079999998,.36000001,.090909094,0,0,0,0,26
30202252,-15.17500019073486,35.33810043334961,4,.29467085,-1.478751540184021,.18181819,46.363636,0,.90909094,0,0,0,0,0,0,10.09,0,.21428572,.39285713,.18181819,0,0,0,0,26
30208396,-14.70740032196045,35.80670166015625,1,.12111469,-.7389664649963379,.30000001,42.5,0,.2,.2,.1,0,0,0,0,18.35,.041666668,.083333336,.70833331,.60000002,0,0,0,0,89
30208396,-14.70740032196045,35.80670166015625,2,.4081614,-.2406210452318192,.40000001,44.400002,0,.5,.1,0,0,0,0,0,17.809999,.032258064,.064516127,.61290324,.30000001,0,0,0,0,89
30208396,-14.70740032196045,35.80670166015625,3,.92749453,.0745773166418076,.11111111,41,0,.44444445,.44444445,0,0,0,0,0,20.84,.074074075,.14814815,.33333334,.66666669,25,1,0,0,89
30208396,-14.70740032196045,35.80670166015625,4,.17066211,-1.118086934089661,.2,43.700001,0,.40000001,.1,0,0,0,0,0,23.389999,.027027028,.081081077,.45945945,0,0,0,0,0,89
30212307,-14.69989967346191,35.60800170898438,1,.056942511,-1.071907162666321,.071428575,43.642857,0,.35714287,.14285715,0,0,0,0,0,24.85,.034482758,.034482758,.48275861,0,0,0,0,1,61
30212307,-14.69989967346191,35.60800170898438,2,.026954038,-.406367301940918,.21428572,45.357143,0,.5714286,.071428575,0,0,0,0,0,27.860001,.039999999,0,.41333333,.14285715,0,0,0,0,61
30212307,-14.69989967346191,35.60800170898438,3,.14076611,.1759307533502579,.30769232,45.76923,0,.69230771,.15384616,0,0,0,0,0,16.76,.051282052,0,.66666669,.30000001,0,0,,,61
30212307,-14.69989967346191,35.60800170898438,4,.16683948,-1.147928595542908,.2857143,48.142857,.14285715,.71428573,0,.071428575,0,0,0,0,16.57,.025641026,.1025641,.51282054,0,0,0,0,0,61
30302601,-15.48820018768311,35.55699920654297,1,.035851471,-1.072331309318542,.16666667,37.25,0,.66666669,.083333336,.083333336,0,0,0,0,16.280001,.075000003,.050000001,.60000002,.16666667,0,0,3,0,60
30302601,-15.48820018768311,35.55699920654297,2,.093873523,-.2190081626176834,.16666667,36.583332,.083333336,.66666669,.083333336,.083333336,.083333336,0,0,0,17.07,.050000001,.050000001,.57499999,0,0,0,0,0,60
30302601,-15.48820018768311,35.55699920654297,3,.15550978,.4823561608791351,.25,36.583332,0,.75,.083333336,.083333336,0,0,0,0,13.4,.030303031,.060606062,.36363637,.25,0,0,,,60
30302601,-15.48820018768311,35.55699920654297,4,.066766821,-1.606258630752563,.16666667,36.25,0,.75,0,.083333336,0,0,0,0,24.24,0,.088888891,.33333334,0,0,0,0,1,60
30305082,-15.56980037689209,35.42559814453125,1,.034819409,-1.007648825645447,.27272728,46.18182,.090909094,.54545456,.090909094,.18181819,0,0,0,0,27.58,.06122449,.06122449,.67346936,.36363637,0,0,3,0,73
30305082,-15.56980037689209,35.42559814453125,2,.21043925,-.2916660606861115,.27272728,48.909092,0,.63636363,0,.090909094,0,0,0,0,27.139999,.041666668,.0625,.5,.45454547,0,0,0,0,73
30305082,-15.56980037689209,35.42559814453125,3,.5977928,.5263004899024963,.27272728,51.454544,.090909094,.81818181,0,.090909094,0,0,0,0,31.77,.023255814,.13953489,.46511629,.63636363,0,0,,,73
30305082,-15.56980037689209,35.42559814453125,4,.16006403,-1.5914466381073,.18181819,50.636364,0,.63636363,.27272728,.090909094,0,0,0,0,27.01,0,.06779661,.47457626,.36363637,0,0,0,1,73
30305580,-15.64739990234375,35.34310150146484,1,.073060162,-1.014125347137451,.45454547,45.090908,.27272728,1,0,0,0,0,0,0,16.610001,.16129032,.032258064,.22580644,.27272728,0,0,0,1,70
30305580,-15.64739990234375,35.34310150146484,2,.2167971,-.4747442305088043,.36363637,47.090908,0,.90909094,0,0,0,0,0,0,19,.028571429,.057142857,.62857145,.45454547,0,0,0,1,70
30305580,-15.64739990234375,35.34310150146484,3,.64375126,.5102496743202209,.36363637,44.909092,0,1,0,0,0,0,0,0,16.51,0,.07692308,.51282054,.55555558,216,1,0,0,70
30305580,-15.64739990234375,35.34310150146484,4,.074844211,-1.566230058670044,.090909094,37.454544,0,.81818181,.090909094,.090909094,0,0,0,0,18.719999,.021739131,.043478262,.30434781,.090909094,15,1,0,1,70
30306555,-15.46269989013672,35.15950012207031,1,.54412657,-1.191460490226746,.18181819,39.454544,.18181819,.72727275,.18181819,0,.090909094,0,0,0,17.02,.05882353,.029411765,.55882353,.083333336,0,0,1,0,43
30306555,-15.46269989013672,35.15950012207031,2,.3527959,-.5363201498985291,.25,42.166668,.16666667,.66666669,.16666667,0,.083333336,0,0,0,17.9,.13461539,.03846154,.55769229,.75,0,0,2,0,43
30306555,-15.46269989013672,35.15950012207031,3,.31992245,.5814894437789917,.16666667,44.75,0,.91666669,0,0,0,0,0,0,16.620001,0,.032258064,.67741936,.80000001,0,0,1,1,43
30306555,-15.46269989013672,35.15950012207031,4,.17384586,-1.609965682029724,.33333334,51.083332,.25,.66666669,.25,0,0,0,0,0,22.889999,0,.0625,.33333334,.16666667,0,0,5,0,43
30403444,-15.82950019836426,35.26179885864258,1,.13219666,-1.050226211547852,.25,39.916668,.33333334,.58333331,0,.083333336,.25,0,0,0,14.41,.044444446,.044444446,.5777778,.58333331,4,1,0,1,64
30403444,-15.82950019836426,35.26179885864258,2,.34062678,-.3222086429595947,.25,42.916668,.25,.33333334,.083333336,.16666667,.25,0,0,0,12.700001,.07692308,.01923077,.53846157,.75,0,0,1,1,64
30403444,-15.82950019836426,35.26179885864258,3,.3749263,.3465893566608429,.25,45.75,.25,.5,.083333336,.083333336,.16666667,.083333336,0,0,9.5200005,.09375,.0625,.3125,.11111111,0,0,0,0,64
30403444,-15.82950019836426,35.26179885864258,4,.17570664,-1.586008071899414,.33333334,48.25,.33333334,.5,.083333336,.083333336,.16666667,0,0,0,12.21,0,.048780486,.43902439,.083333336,0,0,0,0,64
30406710,-15.60130023956299,35.24039840698242,1,.25086987,-.947715699672699,.40000001,47.900002,.2,.60000002,0,.2,0,0,0,0,14.29,.11111111,0,.73333335,.5,0,0,0,0,78
30406710,-15.60130023956299,35.24039840698242,2,.23112004,-.5429221391677856,.40000001,40.400002,.1,.5,.30000001,0,0,0,0,0,25.67,.1025641,.1025641,.48717949,.69999999,0,0,0,0,78
30406710,-15.60130023956299,35.24039840698242,3,.25169748,.4553365707397461,.40000001,46.599998,.2,.69999999,.1,.1,0,0,0,0,19.75,.0625,.041666668,.60416669,.40000001,0,0,0,0,78
30406710,-15.60130023956299,35.24039840698242,4,.029083859,-1.616581320762634,.30000001,42.099998,.1,.69999999,0,.30000001,0,0,0,0,70.610001,.020833334,.041666668,.29166666,.1,15,1,0,1,78
30501383,-15.65559959411621,35.01839828491211,1,.43700787,-.8536844849586487,.16666667,46.333332,.5,.5,.16666667,0,0,0,0,0,8.6499996,.041666668,.083333336,.5,.2857143,0,0,0,1,86
30501383,-15.65559959411621,35.01839828491211,2,.27350429,-.657681405544281,.42857143,45.714287,.14285715,.71428573,0,0,0,0,0,0,6.2600002,.2,.050000001,.2,.42857143,0,0,0,1,86
30501383,-15.65559959411621,35.01839828491211,3,.31350675,.3911483585834503,.2857143,48.42857,0,.5714286,.14285715,.14285715,0,0,0,0,6.1399999,.06666667,.13333334,.2,.5,0,0,,,86
30501383,-15.65559959411621,35.01839828491211,4,.18994413,-1.62655234336853,.14285715,50.142857,.14285715,.5714286,.14285715,0,.14285715,0,0,0,9.0200005,0,0,.47368422,0,0,0,0,1,86
30504518,-15.70880031585693,34.83010101318359,1,.2193111,-.9206398129463196,.30769232,41.615383,.07692308,.69230771,0,0,.07692308,0,0,0,23.209999,.07692308,.051282052,.51282054,.15384616,0,0,0,0,82
30504518,-15.70880031585693,34.83010101318359,2,.24044271,-.4097457826137543,.30769232,47.46154,.07692308,.69230771,0,0,.07692308,0,0,0,21,.093023255,.023255814,.60465115,.38461539,26,1,0,0,82
30504518,-15.70880031585693,34.83010101318359,3,.18147938,.4634104073047638,.25,48.833332,.16666667,.66666669,.083333336,.083333336,.083333336,0,0,0,5.2800002,0,.071428575,.42857143,0,0,0,0,1,82
30504518,-15.70880031585693,34.83010101318359,4,.20955494,-1.644872546195984,.30769232,48,.15384616,.61538464,.07692308,0,0,0,.07692308,0,23.059999,.035714287,.053571429,.3392857,.23076923,12,1,0,0,82
30602235,-15.73700046539307,34.38520050048828,1,.16598092,-.7243202328681946,.30769232,38.307693,.07692308,.38461539,.23076923,0,.15384616,0,0,0,16.629999,.095238097,.071428575,.26190478,.23076923,0,0,0,0,91
30602235,-15.73700046539307,34.38520050048828,2,.47230634,-.4207494258880615,.23076923,40.384617,.07692308,.46153846,0,.15384616,.07692308,0,0,0,12.61,.09375,.0625,.6875,.53846157,0,0,0,1,91
30602235,-15.73700046539307,34.38520050048828,3,.395574,.6526440978050232,.30769232,41,.15384616,.61538464,.07692308,.07692308,.07692308,0,0,0,21.530001,.11764706,0,.52941179,.25,0,0,1,1,91
30602235,-15.73700046539307,34.38520050048828,4,.27720249,-1.399580836296082,.53846157,42.615383,.23076923,.38461539,.23076923,0,.15384616,0,0,0,19.16,.03846154,.13461539,.44230768,.46153846,0,0,0,1,91
30620196,-15.60579967498779,34.51839828491211,1,.61363637,-1.089437246322632,.5,27,0,.5,0,0,.5,0,0,0,1.7,.2,.40000001,0,0,0,0,6,1,54
30620196,-15.60579967498779,34.51839828491211,2,.0017436791,-.51042640209198,0,32.5,.5,0,.5,0,.5,0,0,0,.48000002,0,0,0,.5,0,0,7,1,54
30620196,-15.60579967498779,34.51839828491211,3,.8536036,.4819429218769073,.5,34,.5,0,0,.5,.5,0,0,0,2.5799999,0,.25,.25,.5,0,0,,,54
30620196,-15.60579967498779,34.51839828491211,4,.43613708,-1.460411787033081,.5,37,.5,0,0,.5,.5,0,0,0,2.54,0,.11111111,.44444445,.5,0,0,6,1,54
30704313,-16.19820022583008,35.15800094604492,1,.44925389,-1.091896057128906,.38461539,55.923077,.15384616,.46153846,.07692308,0,.07692308,0,0,0,20.58,0,.1875,.5625,.69230771,26,1,0,1,53
30704313,-16.19820022583008,35.15800094604492,2,.19494447,-.2850511372089386,.23076923,51.384617,.30769232,.84615386,0,0,0,.07692308,0,0,22.75,.0625,.020833334,.60416669,0,0,0,0,1,53
30704313,-16.19820022583008,35.15800094604492,3,.50238538,.2530164122581482,.18181819,54,.090909094,1,0,.090909094,0,0,0,0,15.18,.073170729,.048780486,.56097561,.41666666,0,0,0,0,53
30704313,-16.19820022583008,35.15800094604492,4,.046487462,-1.038332939147949,.23076923,51.692307,.15384616,.92307693,0,0,.07692308,0,0,0,19.040001,0,.040816326,.5714286,.07692308,0,0,0,0,53
30705391,-16.08799934387207,35.06809997558594,1,.15699111,-1.055961012840271,0,35.333332,1,1,0,0,0,0,0,0,3,.1,0,.69999999,1,0,0,,,63
30705391,-16.08799934387207,35.06809997558594,2,.11304348,-.2772781550884247,.33333334,34.666668,.66666669,1,0,0,0,0,0,0,1.52,.18181819,0,.45454547,.33333334,0,0,,,63
30705391,-16.08799934387207,35.06809997558594,3,.5,.320868194103241,.66666669,37.333332,.33333334,1,0,0,0,0,0,0,1.15,.22222222,.11111111,.22222222,.66666669,0,0,0,0,63
30705391,-16.08799934387207,35.06809997558594,4,.081081077,-1.32180380821228,.33333334,43.666668,.33333334,.33333334,0,.33333334,.33333334,0,0,0,1.83,.07692308,0,.76923078,.33333334,0,0,0,0,63
30708665,-16.05789947509766,35.23619842529297,1,.62629759,-1.143329977989197,.33333334,32.25,.41666666,.41666666,.16666667,.16666667,.083333336,0,0,0,8.6499996,.1,.2,.5,.58333331,0,0,2,0,49
30708665,-16.05789947509766,35.23619842529297,2,.36291757,-.289789080619812,.16666667,38.083332,.5,.58333331,0,.16666667,.083333336,0,0,0,7.3000002,.16216215,.027027028,.37837839,.75,20,1,0,1,49
30708665,-16.05789947509766,35.23619842529297,3,.26542571,.1359675973653793,.33333334,39.666668,.5,.41666666,.16666667,.083333336,.16666667,0,0,0,4.1900001,0,.034482758,.48275861,.33333334,0,0,0,0,49
30708665,-16.05789947509766,35.23619842529297,4,.019161677,-1.316992163658142,.5,40.666668,.33333334,.75,0,.083333336,.083333336,0,0,0,8.46,0,.03125,.15625,0,0,0,0,1,49
30709438,-15.94989967346191,35.11360168457031,1,.10902256,-1.046502232551575,.5,40.75,.25,.375,.125,0,.125,0,0,0,6.3599997,.052631579,.15789473,.15789473,.5,0,0,1,0,66
30709438,-15.94989967346191,35.11360168457031,2,.34373152,-.3432788252830505,.5,43.75,0,.625,0,0,.125,0,0,0,6.4000001,.16,.079999998,.47999999,.625,0,0,0,1,66
30709438,-15.94989967346191,35.11360168457031,3,.27792072,.4221920967102051,.5,44.375,.125,.5,0,0,0,.125,0,0,5.4099998,.16666667,.041666668,.25,.25,,,,,66
30709438,-15.94989967346191,35.11360168457031,4,0,-1.452063322067261,.5,46.375,.25,.375,0,0,.125,0,0,0,5.02,0,0,.22727273,.125,0,0,1,1,66
30801672,-16.11339950561523,35.40919876098633,1,.064500518,-1.254094481468201,.41666666,49.5,.083333336,.41666666,0,.083333336,0,0,0,0,19.27,.046511628,.069767445,.53488374,.083333336,0,0,0,0,38
30801672,-16.11339950561523,35.40919876098633,2,.2788223,-.4026225507259369,.33333334,48.666668,0,.66666669,0,.083333336,0,0,0,0,20.1,.070175439,.087719299,.64912283,.58333331,0,0,0,1,38
30801672,-16.11339950561523,35.40919876098633,3,.17913339,.1222743839025497,.25,42.916668,0,.5,.16666667,.083333336,0,0,0,0,11.45,0,.14814815,.33333334,.75,0,0,0,0,38
30801672,-16.11339950561523,35.40919876098633,4,.023735737,-1.076948523521423,.25,42.416668,.25,.66666669,0,.083333336,0,0,0,0,12.78,0,0,.17391305,0,0,0,0,0,38
30801679,-16.08320045471191,35.58240127563477,1,.30786946,-1.349258661270142,.71428573,44.5,.14285715,.64285713,0,0,.071428575,0,0,0,19.35,.078947365,.13157895,.39473686,.071428575,0,0,0,0,28
30801679,-16.08320045471191,35.58240127563477,2,.28937173,-.2502644956111908,.64285713,48.357143,.2857143,.78571427,0,.071428575,0,0,0,0,15.110001,.039999999,.1,.25999999,.5714286,0,0,0,1,28
30801679,-16.08320045471191,35.58240127563477,3,.19838601,.16046541929245,.5714286,49.857143,.14285715,.5714286,0,.14285715,0,0,0,0,13.08,0,.13333334,.26666668,.36363637,0,0,0,1,28
30801679,-16.08320045471191,35.58240127563477,4,.079488978,-.9259218573570251,.5,47.142857,.2857143,.5714286,.071428575,.071428575,.071428575,.071428575,0,0,15.65,0,.06666667,.17777778,.21428572,0,0,0,0,28
30803115,-16.03750038146973,35.35449981689453,1,.13818182,-1.209211468696594,.55555558,40.444443,.11111111,.55555558,.11111111,0,0,0,0,0,11.6,.079999998,.039999999,.36000001,0,0,0,0,0,42
30803115,-16.03750038146973,35.35449981689453,2,.089408524,-.3432630598545074,.63636363,41.363636,0,.54545456,.18181819,0,0,0,0,0,14.9,.054054055,.027027028,.75675678,.63636363,10,1,0,1,42
30803115,-16.03750038146973,35.35449981689453,3,.14285715,.068543516099453,.45454547,45.545456,.090909094,.27272728,.090909094,.090909094,0,0,0,0,12.67,.09375,.03125,.25,.60000002,0,0,0,1,42
30803115,-16.03750038146973,35.35449981689453,4,.011283043,-1.239355087280273,.54545456,50.454544,.18181819,.54545456,0,.090909094,0,0,0,0,16.700001,0,.083333336,.4375,.18181819,0,0,0,1,42
30806611,-15.82839965820313,35.35319900512695,1,.24019122,-1.079349517822266,.46666667,41.333332,0,.66666669,.06666667,0,0,0,0,0,42.610001,.040816326,.06122449,.59183675,0,0,0,0,0,57
30806611,-15.82839965820313,35.35319900512695,2,.10147705,-.3719533383846283,.40000001,44.666668,0,.60000002,.13333334,0,0,0,0,0,38.419998,.065573767,.016393442,.55737704,.66666669,0,0,0,1,57
30806611,-15.82839965820313,35.35319900512695,3,.022337627,.2927951812744141,.42857143,51.5,.071428575,.85714287,0,0,.071428575,0,0,0,15.15,.05882353,0,.38235295,.75,,,,,57
30806611,-15.82839965820313,35.35319900512695,4,.018529957,-1.538808584213257,.26666668,50.466667,.06666667,.73333335,.06666667,0,0,0,0,0,19.23,.014925373,.014925373,.34328359,.13333334,0,0,0,1,57
30901054,-15.5762996673584,35.55189895629883,1,.29425991,-1.024898648262024,.38461539,51.076923,0,.69230771,.07692308,0,0,0,0,0,28.02,.057142857,.11428571,.40000001,.07692308,0,0,0,0,69
30901054,-15.5762996673584,35.55189895629883,2,.58658272,-.2432670742273331,.46153846,54.076923,0,.84615386,0,.07692308,0,0,0,0,20,.175,.1,.22499999,.53846157,0,0,0,1,69
30901054,-15.5762996673584,35.55189895629883,3,.68657553,.3722345232963562,.46153846,47.53846,0,.69230771,0,0,.15384616,0,0,0,19.059999,.0625,.1875,.46875,.33333334,16,1,0,1,69
30901054,-15.5762996673584,35.55189895629883,4,.069561899,-1.577228665351868,.38461539,48.923077,.07692308,.61538464,0,0,.15384616,0,0,0,17.73,0,.11764706,.11764706,.38461539,10,1,2,0,69
30901475,-15.66889953613281,35.5890007019043,1,.19646366,-1.075624585151672,.33333334,47.25,.083333336,.5,0,0,0,0,0,0,28.17,.063829787,0,.55319148,.16666667,0,0,0,0,58
30901475,-15.66889953613281,35.5890007019043,2,.14961943,-.2975161969661713,.25,46.5,0,.5,.16666667,.083333336,0,0,0,0,25.1,.016129032,.032258064,.56451613,.66666669,0,0,0,0,58
30901475,-15.66889953613281,35.5890007019043,3,.14299901,.2995805442333221,.27272728,46.909092,.090909094,.54545456,.18181819,.18181819,0,0,0,0,16.110001,.083333336,.083333336,.375,.5,0,0,0,0,58
30901475,-15.66889953613281,35.5890007019043,4,.012802915,-1.525062203407288,.33333334,46.166668,.083333336,.66666669,0,.16666667,0,0,0,0,25.190001,0,.017857144,.30357143,.33333334,0,0,9,0,58
31001749,-16.60000038146973,34.96730041503906,1,.069738477,-1.115714192390442,.07692308,39.153847,.15384616,.38461539,0,.07692308,.07692308,0,0,0,40.849998,.023809524,.095238097,.095238097,.15384616,0,0,0,0,52
31001749,-16.60000038146973,34.96730041503906,2,0,-.3445366024971008,.07692308,40,.23076923,.61538464,.07692308,.07692308,0,0,0,0,47.809998,0,0,.35294119,.30769232,0,0,0,0,52
31001749,-16.60000038146973,34.96730041503906,3,.0027605244,.6283948421478271,0,43.76923,.07692308,.61538464,.23076923,0,0,0,0,0,51.400002,0,.033333335,.40000001,.76923078,0,0,0,1,52
31001749,-16.60000038146973,34.96730041503906,4,0,-.5796428918838501,.07692308,46.692307,.07692308,.53846157,.07692308,.07692308,0,0,0,0,41.66,0,0,.2857143,.23076923,0,0,0,0,52
31002169,-16.26689910888672,34.89519882202148,1,.05882353,-1.032656073570251,1,43.666668,0,.66666669,0,0,0,0,0,0,4.98,0,.16666667,.16666667,0,0,0,3,0,68
31002169,-16.26689910888672,34.89519882202148,2,.56390977,-.3049245774745941,.33333334,48.333332,.66666669,.33333334,.66666669,0,0,0,0,0,3.1299999,0,.16666667,.16666667,0,2,1,3,1,68
31002169,-16.26689910888672,34.89519882202148,3,0,.4535256624221802,.33333334,51.333332,.33333334,1,0,0,0,0,0,0,2.71,0,0,.40000001,.66666669,0,0,2,1,68
31002169,-16.26689910888672,34.89519882202148,4,.37037036,-.9562129378318787,.33333334,54.666668,.66666669,.66666669,.33333334,0,0,0,0,0,2.0799999,0,.14285715,.2857143,.66666669,0,0,6,1,68
31004312,-16.02039909362793,34.92010116577148,1,.16751269,-.8639660477638245,.18181819,40.636364,.090909094,.36363637,.090909094,0,.090909094,0,0,0,21.809999,0,.17857143,.5,.27272728,0,0,0,0,85
31004312,-16.02039909362793,34.92010116577148,2,.4240196,-.4427414834499359,.18181819,48.090908,.090909094,.54545456,0,.090909094,.090909094,0,0,0,24.4,0,.14814815,.48148149,.18181819,0,0,0,0,85
31004312,-16.02039909362793,34.92010116577148,3,.23517588,.6172581315040588,.36363637,48.545456,.090909094,.63636363,.090909094,0,0,.090909094,0,0,12.78,0,.15000001,.30000001,.63636363,,,,,85
31004312,-16.02039909362793,34.92010116577148,4,.11438207,-1.443411469459534,.27272728,51.81818,.27272728,.54545456,.090909094,0,.090909094,0,0,0,13.4,0,.030303031,.5151515,.18181819,0,0,0,0,85
31108703,-16.98550033569336,35.24990081787109,1,.17479947,-1.227613091468811,.2,38.700001,0,.40000001,.2,.2,0,0,0,0,14.440001,0,.30000001,.2,0,0,0,0,0,40
31108703,-16.98550033569336,35.24990081787109,2,.58798099,-.1120055243372917,.30000001,39.200001,.30000001,.40000001,.2,.1,0,0,0,0,8.9200001,0,.22222222,.16666667,.1,0,0,2,0,40
31108703,-16.98550033569336,35.24990081787109,3,.29535863,.6319424510002136,.30000001,42.299999,0,.80000001,0,.2,0,0,0,0,11.48,0,.18518518,.37037036,.40000001,0,0,0,1,40
31108703,-16.98550033569336,35.24990081787109,4,.026595745,-.2026060819625854,.1,47,.1,.30000001,.30000001,.2,0,0,0,0,7.1799998,0,.050000001,.40000001,.30000001,0,0,3,1,40
31201007,-14.92580032348633,35.01649856567383,1,.56597549,-1.286903142929077,.15384616,43.384617,.23076923,.76923078,.15384616,0,.07692308,0,0,0,24.299999,.16666667,.1,.40000001,.15384616,0,0,0,1,33
31201007,-14.92580032348633,35.01649856567383,2,.50435978,-.047128438949585,.15384616,46.153847,.38461539,.61538464,.15384616,0,.07692308,0,0,0,26.040001,.11764706,.11764706,.20588236,.46153846,0,0,0,1,33
31201007,-14.92580032348633,35.01649856567383,3,.60285717,.5903599858283997,.23076923,43.46154,.46153846,.61538464,.23076923,0,.07692308,0,0,0,24.780001,.10526316,.052631579,.34210527,.46153846,61,1,0,0,33
31201007,-14.92580032348633,35.01649856567383,4,.093761541,-1.48126745223999,.30769232,45.692307,.07692308,.61538464,.23076923,0,.07692308,0,0,0,23.75,.085714288,.085714288,.51428574,.23076923,16,1,0,0,33
31201104,-15.07059955596924,35.1703987121582,1,.35009038,-1.279204487800598,.2,47.799999,.30000001,.89999998,.1,0,0,0,0,0,17.23,.11111111,0,.66666669,.25,0,0,0,1,34
31201104,-15.07059955596924,35.1703987121582,2,.48780489,.0211356841027737,.58333331,48,.33333334,.75,.083333336,.083333336,0,0,0,0,15.400001,.13636364,.18181819,.31818181,.58333331,0,0,0,0,34
31201104,-15.07059955596924,35.1703987121582,3,.52304149,.5549047589302063,.58333331,49.583332,.083333336,.66666669,.25,0,0,0,0,0,14.36,.30000001,.40000001,.2,.5,0,0,0,0,34
31201104,-15.07059955596924,35.1703987121582,4,.42963773,-1.467641472816467,.41666666,48.916668,.083333336,.75,.083333336,0,0,0,0,0,16.98,0,.16216215,.24324325,.25,0,0,0,0,34
31201516,-14.95330047607422,34.95449829101563,1,.066972829,-1.330578804016113,.54545456,44.636364,.090909094,.63636363,.18181819,0,0,0,0,0,14.39,.11111111,.037037037,.51851851,0,0,0,0,0,30
31201516,-14.95330047607422,34.95449829101563,2,.14486544,-.1319689899682999,.60000002,52.599998,.1,.69999999,.1,0,0,0,0,0,14.2,.12903225,.032258064,.064516127,.72727275,0,0,0,0,30
31201516,-14.95330047607422,34.95449829101563,3,.3323594,.6634840965270996,.45454547,50.81818,0,.45454547,0,0,.090909094,0,0,0,9.4700003,.090909094,.090909094,.27272728,.42857143,0,0,0,0,30
31201516,-14.95330047607422,34.95449829101563,4,.37355718,-1.444462776184082,.27272728,38.363636,.18181819,.63636363,.090909094,0,.090909094,0,0,0,12.1,0,.16666667,.1,.72727275,0,0,10,0,30
31435120,-15.37870025634766,35.34209823608398,1,.77083331,-1.142175436019897,.2,48.799999,.40000001,.60000002,0,.2,.2,0,0,0,6.9499998,.125,.1875,.25,.2,0,0,2,0,50
31435120,-15.37870025634766,35.34209823608398,2,.25675675,-.0481785461306572,.2,51.799999,.40000001,.40000001,0,.40000001,0,0,0,0,10.6,.071428575,.071428575,.42857143,.40000001,0,0,1,0,50
31435120,-15.37870025634766,35.34209823608398,3,.4608295,.6892236471176147,.40000001,53.799999,.2,.2,.40000001,.2,0,0,0,0,9.4099998,0,.16666667,.33333334,.40000001,,,,,50
31435120,-15.37870025634766,35.34209823608398,4,.17862032,-1.591585278511047,.40000001,53.200001,.2,.60000002,0,.2,0,0,0,0,7.4699998,0,.13333334,.26666668,0,0,0,5,0,50
31435753,-15.37360000610352,35.36439895629883,1,.048780486,-1.187206387519836,0,30.5,.5,.75,0,.25,0,0,0,0,5.0799999,.11111111,0,.44444445,0,0,0,1,0,44
31435753,-15.37360000610352,35.36439895629883,2,.33750001,-.0045253285206854,0,33.25,.25,.5,0,.5,0,0,0,0,4.0999999,.22222222,0,.33333334,.5,0,0,1,0,44
31435753,-15.37360000610352,35.36439895629883,3,.87155962,.6426040530204773,.5,41.5,0,1,0,0,0,0,0,0,1.99,.2,.2,0,.66666669,0,0,2,0,44
31435753,-15.37360000610352,35.36439895629883,4,.43131465,-1.552639722824097,.5,44.5,0,1,0,0,0,0,0,0,3.6099999,0,.18181819,.090909094,0,,,,,44
31439102,-15.39920043945313,35.31840133666992,1,.75,-1.146940112113953,.5,44.5,1,1,0,0,0,0,0,0,.87,0,0,.75,0,0,0,1,0,47
31439102,-15.39920043945313,35.31840133666992,2,.4730539,-.0727562382817268,0,43.5,1,.5,0,0,0,.5,0,0,4.8000002,0,.25,.5,.5,0,0,2,1,47
31439102,-15.39920043945313,35.31840133666992,3,.42253521,.7197526693344116,0,46,1,.5,0,0,.5,0,0,0,5.6999998,0,.2,.60000002,1,0,0,0,0,47
31439102,-15.39920043945313,35.31840133666992,4,.40000001,-1.593191385269165,0,49,1,.5,0,0,0,.5,0,0,4.8000002,0,.16666667,.33333334,0,0,0,0,0,47
31441389,-15.39900016784668,35.32049942016602,1,.17877094,-1.146940112113953,0,32.75,.5,0,.25,.25,.5,0,0,0,3.5699999,0,.090909094,.090909094,0,0,0,6,0,47
31441389,-15.39900016784668,35.32049942016602,2,.28735632,-.0727562382817268,0,36,.25,0,.25,.25,.5,0,0,0,3.0999999,.33333334,0,0,.75,0,0,0,0,47
31441389,-15.39900016784668,35.32049942016602,3,.5153203,.7197526693344116,0,39.5,.25,0,.5,.5,0,0,0,0,3.99,.14285715,0,.2857143,.66666669,0,0,0,0,47
31441389,-15.39900016784668,35.32049942016602,4,.017006803,-1.593191385269165,0,42.5,.25,0,.25,.25,.5,0,0,0,2.6900001,0,.083333336,.16666667,0,0,0,0,1,47
31443270,-15.40419960021973,35.33140182495117,1,0,-1.142175436019897,.5,39,.5,0,0,.5,0,.5,0,0,.68000001,0,0,1,0,0,0,2,0,50
31443270,-15.40419960021973,35.33140182495117,2,.24137931,-.0481785461306572,.5,42,.5,0,0,0,.5,.5,0,0,1.61,0,.25,.5,0,0,0,0,0,50
31443270,-15.40419960021973,35.33140182495117,3,.2631579,.6892236471176147,.5,34,.5,0,0,0,.5,0,0,.5,1.4,0,0,.66666669,.5,0,0,0,1,50
31443270,-15.40419960021973,35.33140182495117,4,0,-1.591585278511047,.5,37,.5,0,0,0,.5,0,0,.5,.60000002,0,0,0,0,0,0,2,0,50
31532674,-15.73079967498779,35.0713005065918,1,.75294119,-.9445908665657043,0,44.5,0,0,.5,0,0,0,0,0,1.61,.25,0,.25,.5,0,0,2,0,79
31532674,-15.73079967498779,35.0713005065918,2,.62222224,-.6048094630241394,0,47.5,.5,.5,0,0,0,0,0,0,1.49,.40000001,0,.2,.5,0,0,0,0,79
31532674,-15.73079967498779,35.0713005065918,3,.39622641,.3716322183609009,0,50.5,0,.5,.5,0,0,0,0,0,.97000003,0,.33333334,0,.5,0,0,,,79
31532674,-15.73079967498779,35.0713005065918,4,0,-1.605670809745789,0,53.5,0,0,.5,0,0,0,0,0,.94,0,0,0,0,0,0,1,0,79
31536118,-15.77760028839111,35.04019927978516,1,.91228068,-.9339780211448669,0,44,1,0,0,.5,0,.5,0,0,1.45,0,.66666669,0,1,0,0,,,81
31536118,-15.77760028839111,35.04019927978516,2,.25,-.482560008764267,0,44.5,.5,0,.5,0,0,.5,0,0,1.8,0,.33333334,0,1,0,0,1,1,81
31536118,-15.77760028839111,35.04019927978516,3,.14285715,.333382248878479,0,48,.5,.5,0,0,0,.5,0,0,2.5,0,.25,.25,0,,,,,81
31536118,-15.77760028839111,35.04019927978516,4,.77142859,-1.593148469924927,0,51,.5,0,0,.5,0,0,.5,0,2.5,0,.33333334,.16666667,.5,0,0,0,0,81
31555614,-15.85519981384277,35.07369995117188,1,.3125,-.9551910758018494,0,32,.33333334,.33333334,.33333334,0,.33333334,0,0,0,1.4,0,.25,0,.66666669,0,0,0,0,76
31555614,-15.85519981384277,35.07369995117188,2,.20512821,-.470348060131073,0,35.333332,.66666669,.33333334,0,0,.66666669,0,0,0,.67000002,0,.25,0,0,0,0,0,0,76
31555614,-15.85519981384277,35.07369995117188,3,.58823532,.3704864084720612,0,41.333332,.33333334,0,.33333334,0,.66666669,0,0,0,.69999999,.2,.2,.2,.33333334,0,0,0,0,76
31555614,-15.85519981384277,35.07369995117188,4,.19920318,-1.555312156677246,.33333334,56.666668,.33333334,0,0,0,.33333334,.33333334,0,0,1.88,0,.14285715,.5714286,1,0,0,0,0,76
